{
  "return_1": 5378.948114156723,
  "return_3": 10712.379451155663,
  "return_5": 10993.777277827263,
  "return_10": 13543.138028800488,
  "return_15": 14122.175794541836,
  "log_return": 973.2157760858536,
  "hl_spread": 7140.908105909824,
  "co_spread": 2521.0884597301483,
  "price_volatility_5": 4035.2157532572746,
  "price_volatility_10": 4827.038610935211,
  "price_volatility_20": 4115.578462481499,
  "rsi_14": 9181.817708224058,
  "rsi_21": 13298.394952237606,
  "stoch_rsi": 10559.149005055428,
  "macd": 8969.791609048843,
  "macd_signal": 14126.297130644321,
  "macd_hist": 9969.458061039448,
  "ema_9": 4807.157243072987,
  "ema_9_distance": 7503.477481544018,
  "ema_21": 4268.399622142315,
  "ema_21_distance": 9971.768744647503,
  "ema_50": 6883.300197839737,
  "ema_50_distance": 14060.280525267124,
  "sma_20": 2447.944715857506,
  "sma_20_distance": 6105.181063711643,
  "sma_50": 3839.375279724598,
  "sma_50_distance": 25958.233593523502,
  "sma_200": 11992.97916597128,
  "sma_200_distance": 17765.198201447725,
  "bb_upper": 2659.6363597512245,
  "bb_lower": 3988.3308877050877,
  "bb_middle": 335.4960401058197,
  "bb_width": 7622.307269752026,
  "bb_pct": 4042.4648891091347,
  "atr": 8245.614483058453,
  "atr_pct": 17416.63239246607,
  "adx": 17577.28933852911,
  "plus_di": 10597.652304798365,
  "minus_di": 12938.023808538914,
  "volume_ma_5": 8938.063683569431,
  "volume_ma_10": 9700.492915570736,
  "volume_ma_20": 11707.867732524872,
  "volume_ratio_5": 5320.094014286995,
  "volume_ratio_10": 5538.461171507835,
  "volume_ratio_20": 5437.7878049612045,
  "obv": 12462.324490785599,
  "obv_ma_10": 6404.687938988209,
  "obv_ratio": 9582.98466899991,
  "mfi": 13066.978420317173,
  "williams_r": 8467.557666242123,
  "cci": 8049.598960280418,
  "roc_5": 3469.5140985250473,
  "roc_10": 2849.391613006592,
  "roc_20": 9978.741517782211,
  "hour": 0.0,
  "day_of_week": 0.0,
  "hour_sin": 0.0,
  "hour_cos": 0.0
}