{
  "return_1": 5112.6967379152775,
  "return_3": 10220.46906220913,
  "return_5": 11922.395402908325,
  "return_10": 13254.976554691792,
  "return_15": 13932.712436020374,
  "log_return": 976.0579764246941,
  "hl_spread": 7222.125988543034,
  "co_spread": 2625.1163622140884,
  "price_volatility_5": 4030.2815347909927,
  "price_volatility_10": 4415.053786754608,
  "price_volatility_20": 3908.657139956951,
  "rsi_14": 9647.211096197367,
  "rsi_21": 12747.699221253395,
  "stoch_rsi": 10446.776767194271,
  "macd": 9623.93322879076,
  "macd_signal": 12952.232695788145,
  "macd_hist": 10675.62344789505,
  "ema_9": 4828.018474817276,
  "ema_9_distance": 7499.366599649191,
  "ema_21": 3991.6510893702507,
  "ema_21_distance": 9396.728868305683,
  "ema_50": 7026.925253987312,
  "ema_50_distance": 14541.003266870975,
  "sma_20": 2681.560451567173,
  "sma_20_distance": 6791.51806217432,
  "sma_50": 4127.023942112923,
  "sma_50_distance": 25981.272895991802,
  "sma_200": 12852.556797266006,
  "sma_200_distance": 17250.57464492321,
  "bb_upper": 3049.4180082678795,
  "bb_lower": 4379.255774319172,
  "bb_middle": 390.3277097940445,
  "bb_width": 6101.174038350582,
  "bb_pct": 3344.9957405924797,
  "atr": 8580.031719267368,
  "atr_pct": 18950.766875863075,
  "adx": 18492.458628118038,
  "plus_di": 10761.069229364395,
  "minus_di": 12155.62388676405,
  "volume_ma_5": 9174.202298343182,
  "volume_ma_10": 10051.561091065407,
  "volume_ma_20": 11921.390676617622,
  "volume_ratio_5": 5401.526348948479,
  "volume_ratio_10": 5671.86978161335,
  "volume_ratio_20": 5422.694257944822,
  "obv": 11091.800570636988,
  "obv_ma_10": 6278.901462435722,
  "obv_ratio": 9793.252355486155,
  "mfi": 13309.804634988308,
  "williams_r": 8589.09366813302,
  "cci": 7842.482396602631,
  "roc_5": 2695.7350457310677,
  "roc_10": 3182.0819531083107,
  "roc_20": 10868.523875951767,
  "hour": 0.0,
  "day_of_week": 0.0,
  "hour_sin": 0.0,
  "hour_cos": 0.0
}