{
  "version": "v1",
  "timestamp": "20251108_161041",
  "model_path": "models/lightgbm_v1_20251108_161041.txt",
  "metrics": {
    "accuracy": 0.8461598017962217,
    "auc": 0.9020130939859312,
    "best_iteration": 1500,
    "num_features": 58,
    "train_samples": 51663,
    "val_samples": 12916
  },
  "top_10_features": [
    [
      "sma_50_distance",
      25981.272895991802
    ],
    [
      "atr_pct",
      18950.766875863075
    ],
    [
      "adx",
      18492.458628118038
    ],
    [
      "sma_200_distance",
      17250.57464492321
    ],
    [
      "ema_50_distance",
      14541.003266870975
    ],
    [
      "return_15",
      13932.712436020374
    ],
    [
      "mfi",
      13309.804634988308
    ],
    [
      "return_10",
      13254.976554691792
    ],
    [
      "macd_signal",
      12952.232695788145
    ],
    [
      "sma_200",
      12852.556797266006
    ]
  ]
}