{
  "version": "v1",
  "timestamp": "20251108_161028",
  "model_path": "models/lightgbm_v1_20251108_161028.txt",
  "metrics": {
    "accuracy": 0.8451238390092879,
    "auc": 0.9000403312256281,
    "best_iteration": 1500,
    "num_features": 58,
    "train_samples": 51678,
    "val_samples": 12920
  },
  "top_10_features": [
    [
      "sma_50_distance",
      25958.233593523502
    ],
    [
      "sma_200_distance",
      17765.198201447725
    ],
    [
      "adx",
      17577.28933852911
    ],
    [
      "atr_pct",
      17416.63239246607
    ],
    [
      "macd_signal",
      14126.297130644321
    ],
    [
      "return_15",
      14122.175794541836
    ],
    [
      "ema_50_distance",
      14060.280525267124
    ],
    [
      "return_10",
      13543.138028800488
    ],
    [
      "rsi_21",
      13298.394952237606
    ],
    [
      "mfi",
      13066.978420317173
    ]
  ]
}